,href_to_journal
0,publication/327521409_Corrigendum_to_Effects_of_salt_on_the_LLE_and_tie-line_data_for_furfuryl_alcohol_-_n-butanol-water_at_T_29815_K_J_Mol_Liq_218_2016_50-58?_sg=oPC_nbfIKIBSzsCPO3lslyc1_JkpkZWpqf6XznB-9VsW2WeM37fAVgcuIt9ZT6025-qS7pXiSclnwMY
1,publication/373362635_ECG_Quiz?_sg=20PefgB10soVOI3bItnEhuwT0IZlFLaAY7PLToOxNZB9PSSr9rv4WsiwbOtFxvbVXO9J_ulqe-2Lxjw
2,
3,publication/329328707_Determining_the_amphipol_distribution_within_membrane-protein_fibre_samples_using_small-angle_neutron_scattering?_sg=YTPxl4LDIGYnpdBEQ59k0bPnKLnPvVgxA2aD4ILq3q4zAXQabbgWPOZU6KI3iYe59VRTwIDxgJXJw58
4,publication/321226204_Long-term_effectiveness_of_omalizumab_treatment_in_Thai_severe_asthmatic_patients_A_real-life_experience?_sg=bVqRm_RYkLTLF7fQamTZrf_RMnm98enRGx_bOCg34o8lG4WsVX3fUqZCBOcuABlbslzNY8N5VLTKt9o
5,publication/326302116_Randomized_comparison_of_Caregivers%27_ability_to_use_Epinephrine_Autoinjectors_and_Prefilled_Syringes_for_anaphylaxis?_sg=VaRsE2AY08Rb-Q_MKXm1UFQNvxD8ppoMcwMepB-6W5aYQ8U41iJsiz_uAERRMgvi7Za06a2RoRyW27E
6,publication/327102298_Effects_of_aerobic_exercise_and_vitamin_C_supplementation_on_rhinitis_symptoms_in_allergic_rhinitis_patients?_sg=sA3g2i3umXygFzZ-cjbVZXAviXww-_BPLzzqt6hOISnxLtgSsFDDFmoU0L35ZjQnFTiiBo2Zh6xWwEs
7,publication/320011030_First_episode_of_preschool_wheeze_requiring_hospitalization_a_prospective_study_on_the_chance_of_recurrence_and_associated_factors?_sg=efKm5V7Zj004myWUzLoLdHkI33CKtWPCKs6s5Wk69iUfChGkARUNj3eUjj7_EXKm1ukY_iv4KsBu3t0
8,publication/328664792_Corrigendum_to_Simplified_two-group_two-fluid_model_for_three-dimensional_two-phase_flow_computational_fluid_dynamics_for_vertical_upward_flow_Prog_Nucl_Energy_108_2018_503-516?_sg=xgx3rPKfnRQq-zZ56lysW8u9jatLYCL06HxH7Xr_1MT8YKtUTVln_1z3qhJe_3YGzoDx_IbI7jHNQHQ
9,publication/328719465_Introducing_the_new_Movement_Disorders_Rounds?_sg=QhKmDIfenl6VhEgq4Oyw4Qf96yokKx7KvC939wCKpOfj6f2Gii6llwAtlqcJTTGkTfwa_MXhqRQdNBk
10,publication/327978889_Physician_professionalism_definition_from_a_generation_perspective?_sg=qtgtp-rm5SxE3iyh06S2A-5FGsYqWhrnlsVICjk1WVqPWcrf8mPuhKel8njRpOaNi_RtHTEun_ekgyo
11,
12,publication/329984953_China_Studies_In_South_And_Southeast_Asia_Between_Pro-china_And_Objectivism?_sg=RXZOT4Hi6yW5g1RYBeXWKQQ5TP0pZTExDC9DbDQ-0Mrhra0tIxSA9mG4N55Ian_y0_gqj3P4aPf4Bk0
13,publication/385094172_Preface_3rd_International_Humanitarian_Conference?_sg=LQjTeaQ3jM4_K5ahMmtKZGS5omxJTM7nbzontdC080Wyc9JuXhCwGwHMqcvGdCqSVKKOZtkZ8jeVPaU
14,
15,
16,
17,publication/327194803_Tenofovir_Versus_Placebo_to_Prevent_Perinatal_Transmission_of_Hepatitis_B?_sg=oEXruiCWeFawByQgj4MDwdudagoxRg2mJ56hBm1Y9FCl-c1G2uu5SMPyS3OYQeQNFouJmR28P6fTQ9A
18,publication/326684294_Why_Cochrane_should_prioritise_sharing_data?_sg=t4HHixzwJrwaBhoDtKGD0gLfdPL-hUtWDjn0fnPWWv1xGEag7vPCChXc03A3KHxgn_nnO4wA1lTCjR8
19,publication/326101695_Retraction_notice_to_The_solubility_of_maleic_acid_in_various_inorganic_salts_and_organic_solvents_Thermodynamics_model_and_parameters_Fluid_Phase_Equilibria_volume_450_2018_75-85?_sg=cAlHMERTlJgvPOrpIht-rgaLeen6lb1xwY-zxCeN-M_tXPrPLuNWV2NKjhOfZOuR9DbmXO4q4a36YlY
20,publication/327311157_International_Relations_as_a_Discipline_in_Thailand_Theory_and_Sub-fields?_sg=39y_Tb379Snp6AJMZr0DIkIHaCLHiRPv0PdwdfeaaIxo3_rAwK3nlvU2w0WWCtBO5xyCghe3Vze1MlU
21,publication/328298618_The_long_reach_of_English_law_a_case_of_incidental_transplantation_of_the_English_law_concept_of_vicarious_liability_into_Thailand%27s_Civil_and_Commercial_Code?_sg=8c3sFfphoUSVOPX9nca8-9wKKFizkgMfHawAncTCNJmtslA0uAbFN-PXRB-dUfRneZLieUngnEiRsog
22,publication/325993980_Erratum_to_Optimal_Design_of_Reinforced_Concrete_Cantilever_Retaining_Walls_Considering_the_Requirement_of_Slope_Stability?_sg=Mp6_fuqba-ZSbkFAH4FO0Zpv_DtJ4IstgSBQsKJuVjKeE7CxZEd_p3qH1BxvmtxwX5LON8BF-3gHRo0
23,
24,publication/325798976_Measurement_of_differential_cross_sections_for_the_production_of_top_quark_pairs_and_of_additional_jets_in_lepton_jets_events_from_p_p_collisions_at_s_13_TeV?_sg=jfc2gACfh12bnDIhEAmFyQyxmVJj-mwLZ0EsC7sqG_72xi8HGE3mC5uhVvat5Y_SdONNm3mXuYUEzgk
25,publication/326655798_Measuring_the_torque_on_the_terminal_end_of_an_archwire?_sg=bscXZZjAB0hAUB92fLJjsmQwJFc2N9t84KRMTRgfuFqIlfX5ql2lmye7PHbqftj_daPgpGd-wJ5OFuE
26,publication/327362867_ECG_quiz?_sg=EgeNLm0dBxR-EJhlgACXHInN6JHiw1NsmZE_4NZ9J0dbLorGLVrWzgTW2MmTLSxNWlmcPEM50iavBDQ
27,
28,
29,
30,
31,publication/325128971_Immediate_effects_of_temporary_bite-raising_with_light-cured_orthodontic_band_cement_on_the_electromyographic_response_of_masticatory_muscles?_sg=anhP6ercmtiVUOOm1n9kIjLrCGpAjiskZCMJH4n5D47BSD8kzUdCl6XLPzbinEqbahVlYCNCh4gdjGM
32,publication/323663154_The_Authors_Reply?_sg=UDGVFcuRyPLOyLgjqCQdI7m1t80QD-MjP7cpa_LnBP9tEYtnoy_5hX7Y37wF4KW2icj8VArUpFcVaNQ
33,publication/324832186_Developing_academic_cancer_immunotherapy_in_Asia-Lessons_challenges_and_a_vision_for_Thailand?_sg=J-3apt7BF7ufmkKjASG6vjLP5DM0ONw5y-aZ6_VCMVfGVEAKLfwyWNqQGi3AgDmWJJwLyTqKqLgOEV0
34,publication/327362867_ECG_quiz?_sg=Sv3CzkMC2Ki7eF5u15gT1Dk_avZTq9d-sK9eloBBWJLgo0gzb5LeAv_NjWI6sj4uHKcVZOHZcqQyYto
35,publication/323487075_Editorial_introduction_to_the_special_issue_Aqua_species_immunity?_sg=8356Ib6swRJQV7IB2A8tV17SQHPfFw7tTBD7JpT257n4YURh202kaenEV2wFbNmv3Ks2mYF_LtuqfOw
36,publication/320406638_Lesion_quistica_paratiroidea_como_causa_de_hipercalcemia?_sg=gGKqT8lk9URviHdYG4Apj7WCI-iiz2wSHDNhfEzcD0KKQ0Hn_n3gUQ4G2qlLf8bfPwdJoKL0jcJ2x5Y
37,publication/326703877_Addendum_A_Comparison_of_Angular_Values_of_the_Pelvic_Limb_with_Normal_and_Medial_Patellar_Luxation_Stifles_in_Chihuahua_Dogs_Using_Radiography_and_Computed_Tomography?_sg=Zz8ipbstDgJWEhzz_mg6nhoiEmyU9fSIWE3FOGOTvUoHidT0v1bL9nSmxfhy_p4Xet-K5HxiOvEk22s
38,publication/321150732_Driving_a_Firm%27s_Agility_and_Success_of_Product_Innovation_Through_Organizational_Behavior_An_Abstract?_sg=DTi9TG8RSLy9vlg8P9D3WrVrcd-SXpkQZD99plmT7fZfGj5dNsPocv0L37DYiEOjDB-GKDnF7IRWEU4
39,publication/327589253_Fitting_rotation_curves_of_galaxies_by_de_Rham-Gabadadze-Tolley_massive_gravity?_sg=39ikWazQKP-cMySfXHTVWlMl6yFcabTUa9CziERs0RI35uFdCs1rSofpyZDq3Io-n1aapnv-eXz2tWI
40,
41,
42,publication/345065031_Beyond_bullies_and_victims_a_systemic_approach_to_tackling_school_bullying?_sg=0Va8ebSZTtNhGMhgbM1eknzB1YhNbYH8IRD38jecqeBVolsoRSyTrizJu32oODgHwUNCbRWGFV6HUBY
43,publication/327040772_Efficacy_and_Validation_of_a_Simulation-Based_Compartment_Syndrome_Instructional_Course?_sg=XCeQIcyZIHWYBkZbKay0Dc6LoEgUJgzyEUBeyhzRMaCXpn_v2fef3SeQulozP5QgTJ_SxCAjzRxn81Y
44,publication/325189999_Human_MicroRNAs_Expression_Profiles_in_Influenza_B_Virus-Infected_Cells_based_on_Illumina_MiSeq_Platform?_sg=O91vBFXf34LE4D02ewl5yNq9e9kWsvap16Cyz0AmrFLs7XppMrZSsZcxDUuaV4irLnMgoJ6hR6F2Z-w
45,
46,publication/325476178_Serum_miR-29a_and_miR-122_as_Potential_Biomarkers_for_Non-Alcoholic_Fatty_Liver_Disease_NAFLD?_sg=-o1EKHxhKoQXdALSYKPN2_sSDk6ZpNLyROpvzRKtwh1WEVDxwAQYTNSXIuF4FO166WjUlh105HLRLfI
47,publication/329378176_Branding_dams_Nam_Theun_2_and_its_role_in_producing_the_discourse_of_sustainable_hydropower?_sg=mFdQRKL3pMnFZgn9QPbQjGkNrhGKz7ITTHJHRd5VU60m1HpMA-ioTKrwnrWllGrSLFnvNQgdLElXULw
48,publication/326204414_A_man_with_facial_disfigurement?_sg=ZdZnNEYlmx83stDZgKhtm7dyJ63mLzmGTCceZS0Spk_DlN1CGXOv6rIfktAylWBSpca1zg7jUvwOwx4
49,publication/327185733_Charting_the_speaker-relatedness_of_impersonal_pronouns_Contrastive_evidence_from_English_French_and_Thai?_sg=5Qz76w3tutOG3oj1aE39XGpTt8cO-szZa-tRh_ac3KYaygBXlg3iWgTEhXYx4L66G9U3yZ0SC_FSOho
50,
51,
52,
53,publication/323582997_Factors_Associated_With_Knowledge_Perception_And_Practice_Toward_Self-Care_Among_Elderly_Patients_Suffering_From_Type_2_Diabetes_Mellitus_In_Rural_Thailand?_sg=5WqlkwHoJXyVRISW6o64JajjSEU44upaa9Co9K181hV4HLfVsqxrB63lqBCYh3JVdNGD6wQz2DqckrE
54,publication/324075416_Cross-border_power_trade_with_Myanmar_barriers_and_their_removal_from_the_Thai%27s_perspective?_sg=60GxpduBGfhrGd1gY6BrYxTDJIydMmWiV85kNLK68m2dhA_3DATHSnDc6Z2ERyKR04jGNLvGwfvT0Ms
55,publication/385094172_Preface_3rd_International_Humanitarian_Conference?_sg=523T3dPL2BETfdFxKtHGIXbJ1j9XZu2b7y9T-oW9luGSd7I9q4xRGfoXnxqofGCTtbHVPfY8IHMLRGw
56,publication/385094172_Preface_3rd_International_Humanitarian_Conference?_sg=Z8Pnv9PrPMGViOOYrr_n0RbzDhsbHNYM2AejKjFBZLSk5NuEhKCGiWwcQZ5olo6O-O2gPSdaP4kBp20
57,publication/322275727_Correction_to_Enzyme-linked_immunosorbent_assay_for_the_quantitativequalitative_analysis_of_plant_secondary_metabolites?_sg=uagZBQTZN0aredC_O_RL-QzrZJdR1Cum2shKjIovSFeeApAEY0VHF21YjKsGW_tqP8OW7ddyIWjfsEE
58,publication/337832826_Publisher_Correction_Atomistic_mechanisms_underlying_the_activation_of_the_G_protein-coupled_sweet_receptor_heterodimer_by_sugar_alcohol_recognition?_sg=cGmC2Vg4jKGaXzCawLpQqFek13D5xhr3QfGpmy5i5S2DdirmqoG9CF6Ysw_t34fx5H3pyOLPfXU-p9M
59,
60,publication/326671833_Regional_variation_in_the_treatment_and_prevention_of_peritoneal_dialysis-related_infections_in_the_Peritoneal_Dialysis_Outcomes_and_Practice_Patterns_Study?_sg=g9NmiCqSB-xvO_iCEBlc7U77wb6gzcWH63Q0fF2yAUyDRVmxPbCH9Hj6c1DnTPXr5Lcim_KKUvjRoLs
61,publication/336229119_Answer_to_the_Letter_to_the_Editor_of_V_Kumar_et_al_concerning_Can_standard_anterior_Smith-Robinson_supramanubrial_approach_be_utilized_for_approach_down_to_T2_or_T3_by_Singhatanadgige_W_Zebala_LP_Luk?_sg=Hl8vVz2-DxzesBbMtO-_zpJOsUfPYFb9uGO1FlgVqqq9FvOd4ihtQ1FBkiuSZyBrvTvHmkLjyt2Vkx8
62,publication/337317521_Schizophrenia_phenomenology_comprises_a_bifactorial_general_severity_and_a_single-group_factor_which_are_differently_associated_with_neurotoxic_immune_and_immune-regulatory_pathways?_sg=PH_2wr57WMmpYEeNFeR-i5E9nhIDpMWL_GoN3UAAGkkAmm_3bCaY5hVTwpUIisCG-5_dnOeR9DvRb6s
63,
64,publication/336335934_Guest_Editorial_Selected_Papers_from_the_26_ITS_World_Congress_Singapore_2019?_sg=QcTaSb8PnvCVNBJ4UVDW2cLB9aDVv2Z5hDVvpTwqBSAxeqYHYlJ8TbkNkFHHmuT6a4e1R8tsJGawBj0
65,publication/333901441_Correlation_of_clinicopathological_characteristics_and_direct_immunofluorescence_studies_in_oral_lichenoid_lesion_in_Thai_patients?_sg=kQcZha6grTFD5fmo1d014KoN6mHe7b0-CS-xH4kfy9i6ZOfuvPw95FYA25NvJydtRC2wtrpMyu7Vuhk
66,
67,publication/337422940_Corrigendum_to_Simvastatin_enhances_proliferation_and_pluripotent_gene_expression_by_canine_bone_marrow-derived_mesenchymal_stem_cells_cBM-MSCs_in_vitro_Heliyon_5_10_October_2019_e02663?_sg=kEA7tL00KIwsvqbi1plRHqfJWuwXhAzIZOvx8e1cb7_3KX45TTKWS9fNQm9M4WOkQhdsBQ0joCytYpk
68,publication/337029424_Proton_pump_inhibitors_and_hypomagnesemia_A_meta-analysis_of_observational_studies?_sg=f8Fd6fTtMEtZLxuZFI5rMO7MHandEzr9_IK9lmzrgkr3oeIbLpFLeaFGKOLP9VY94nPl_OSfKOnFrSQ
69,
70,publication/336364795_Correction_to_Acute-on-chronic_liver_failure_consensus_recommendations_of_the_Asian_Pacific_association_for_the_study_of_the_liver_APASL_an_update?_sg=9Kf9zfjAACLhpi-tOg_sclCxpKDDpuemQ9R_Q7xRWd3DCymiz085iU8CvFJuEuVeyLdJt6WSy0GXodU
71,publication/335987677_Mapping_and_Ablation_of_Ventricular_Fibrillation_Associated_With_Early_Repolarization_Syndrome?_sg=YezocyX_w9LT00jfA_lATh5RAEAmgGhr4YrxAdgorDwbs6N8O8FXvMjYOHcyT0X234Gm2qGqyucfT-o
72,
73,publication/336661282_Seroprevalence_of_an_antibody_against_diphtheria_tetanus_and_pertussis_among_the_elderly_in_Khon_Kaen_Thailand?_sg=1Mq3p-ykCu_vuYZOQJlv803NoOPytC7Fy2cDa4zeRmRi0-l5IEGfeY8RDcxvVizm_1kXEbuCIj4kCvU
74,
75,publication/336076573_B-lymphoblastic_leukemialymphoma_with_an_unusual_appendiceal_involvement?_sg=9fAzkwgFpsYNfzW1r0aTxDC0wYJOsQz-vWhrjnLW_X2NCHs-OA8B1H_D_MdCFCsTGPZF8JGJip32VOo
76,publication/37594120_What_do_we_really_want_a_manifesto_for_the_organizations_of_the_21st_Century?_sg=L5R4SVzg0dD1jOfECsE7i6m3qQqAmFCSINYwg0dwewjLglvxZMssxvVRNjqSsiDNeq2MXZ7DPKt8P5M
77,publication/335949263_21st_Century_era_of_anatomy?_sg=yrTcbwIw2AfwLaZfr1l5jy2hAU1Y2MeilbulwvZ6I2AkYWzoBUWDv-5I8v99S5hL_2BSi7jzjqPOXfA
78,publication/334370063_Corrigendum_to_Proteomic_identification_of_predictive_biomarkers_for_malignant_transformation_in_complete_hydatidiform_moles_Placenta_77_2019_58-64?_sg=N0oT1I3fkHHVbJcQ-KePmPEDSgwK_SWKUnhXgG3cbbMdn-FI_Dp2-Au_drEN9v1PMEoKX0HZ5S_TYvw
79,publication/335638018_Cyanidin-3-rutinoside_acts_as_a_natural_inhibitor_of_intestinal_lipid_digestion_and_absorption?_sg=pYBwHwaLrpz-3wWmryYCzMFEK_06HICd2PflolsRNtUqaYrr62nSt_6FAF2vYbeiELSCymEpvpfB-NQ
80,publication/335629871_ICAPPP_2018_Celebrating_30_Years_of_The_Petroleum_and_Petrochemical_College_PPC_at_Chulalongkorn_University?_sg=HG248XlJ1mzEf7b4NFHYhLrJNaRQ-x3Vf7Bn4r_-vbQyLvzk8T98TSPCfs77YHakwIRAefYvMPGNrYI
81,publication/333460709_Correction_to_Chemical-Looping_Combustion_of_Methane_Using_hbox_CaSO_4_CaSO_4_as_an_Oxygen_Carrier_Effects_of_MgO_Addition?_sg=E2y5gu-8noIq5Giii7NsWjrRoIO7SIUnbELcK2fbZ6Tl48TPC-EgNZB6kIyrbud_cFYoH6ks0YylssQ
82,publication/332084980_Corrigendum_to_Simplified_two-group_two-fluid_model_for_three-dimensional_two-phase_flow_computational_fluid_dynamics_for_vertical_upward_flow_Prog_Nucl_Energy_108_2018_503-516?_sg=JD84xLkmCjYohcmMZrTgyi2IZfIh2XaKCJ2hwLTtFg7CNKMRSfTuXAhxBGRoV9hnDuvQ2KM5F1J8DHY
83,publication/325741004_Preface_on_the_ISAPS_%2717_in_Warsaw?_sg=qLhABvJJOSGJPmhcyvn1OFZlPrCVr0aBg0B2h7-Q6CXMXVibrEyQOJYYDWeqPGCBHtl3E-MnOytBjMc
84,publication/335585633_Awareness_knowledge_and_practice_for_hepatitis_B_infection_in_Southeast_Asia_a_cross-sectional_study?_sg=QY1V5hK9rrX7xjBfECsJ6NidBxR5KjZLstS661QxXjIAj4S0gKSzusmV9_zvU0BneaVRIvM84Uqs42c
85,publication/334817455_Antityrosinase_Antioxidant_and_Cytotoxic_Activities_of_Phytochemical_Constituents_from_Manilkara_zapota_L_Bark?_sg=JIB--yjiMyzHyBn9N5Ff9o6mEpIIfqpKtegT4gAX6cRhBFtayRxUNr0jPncOvZtUlWkAPthcBPqfyf4
86,
87,
88,publication/332965974_Mondor%27s_disease_secondary_to_abscess_in_the_axillary_region?_sg=hSWFgAkFSivUvO5GfuQsUUnC568C6yG2oDSeStQHfRtzP18M1Hgc5g4wEz2kkSv_pCKBdjkXTlt9ric
89,
90,publication/385094172_Preface_3rd_International_Humanitarian_Conference?_sg=RAofKPbqKd7gazORc3ZcnWQ_C7E0Gn8yxUzAjJYZ6KhhCHxf2N6PtMYSGEnBPGehS2q_oPIMXxwZ91Y
91,
92,publication/333245860_Determinants_of_giving_birth_in_a_health_facility_analysis_of_three_Pakistan_demographic_health_surveys?_sg=y5uvcPFysWNZNSBdxdIm81KJKWu8iG5L6DeC47V0PooeEZYYbidGOP77RPbX91y6d1JYFPZJ6APpYEk
93,publication/332797102_Erratum_Au-catalyzed_desorption_of_GaAs_oxides_2019_Nanotechnology_30_215703?_sg=y_Eq6rltNttez8kC5Tz4uHOYEFTvf-ahkNMTKMY46GiLACFKJeDGGfPNmb64Q0O7McbA8pIMPWEdmkY
94,
95,publication/382842095_Message_from_General_Chair?_sg=YUEL--9L4RhrvNPFsM-dwo5yFFkcp62L-SoAndRzj0oJ02vT3zXWF9RXTIC7NHnPcjvfY_kgBv8L5J0
96,
97,publication/332060003_Correction_to_Genomic_analysis_of_Leptospira_interrogans_serovar_Paidjan_and_Dadas_isolates_from_carrier_dogs_and_comparative_genomic_analysis_to_detect_genes_under_positive_selection?_sg=1hA4SxWyYbOG43TiYR24XqMN9BSe0srafKVQXlL7tSAhoXF1v16Wqmqst61vQQTLSqGh_bPNoDQcHVA
98,
99,
100,publication/345999802_Gender-specific_care_matters_in_patients_with_delusional_disorder_three-_year_experience_in_an_emergency_department?_sg=mMTtAJqQKek9vfye_sNTSbK26YensWVBry5oidw33jxgAdJcSitkVUr4q-5wXMqfs4yLXpgQuwjvJFs
101,publication/329065968_Corrigendum_to_Effects_of_varying_soil_and_atmospheric_water_deficit_on_water_use_characteristics_of_tropical_street_tree_species_Urban_For_Urban_Green_36_2018_76-83?_sg=YfXdzfjrR4AE4UYKr57RSkVvbXW_KAJ0BlbcA__U3Ed7zovBx0Lzl8-zIeSAJllQdznRnVl1Zx1OnAs
102,publication/327448255_Correction_to_The_sbGnRH-GTH_system_in_the_female_short_mackerel_Rastrelliger_brachysoma_Bleeker_1851_during_breeding_season_implications_for_low_gamete_production_in_captive_broodstock?_sg=r9E8i-qlgN8JeflPtAhE-6T2Pj-cN5sn6GmxLFifX-7_tWAIwJlWKK3dVMy-fZfvOu1ugh93VZ0b9tU
103,publication/330734328_Correction_to_New_Reactive_Extraction_Based_Reclaiming_Technique_for_Amines_Used_in_Carbon_Dioxide_Capture_Process_from_Industrial_Flue_Gases?_sg=BrPO0vwfTE8xihds3JhYdnklJS_487EHShYiw-0eBj0SJUx0scJ_Z2Nj225gHo_iSpK4MFHLvcTyA28
104,
105,publication/330500013_Correction_to_Real-World_Safety_of_Intravitreal_Bevacizumab_and_Ranibizumab_Treatments_for_Retinal_Diseases_in_Thailand_A_Prospective_Observational_Study?_sg=M5UARGOEZ9sScgWuXcZ6XDkZlavzPlDRDbWqdQSxtrEFZzmErBUs6c7Pu1y3RdnKSMj_Y-EED-pf1vY
106,publication/332137572_The_Impact_of_Organization_Agility_Organization_Flexibility_and_Environmental_Volatility_on_Radical_and_Incremental_Innovation_Performance_An_Abstract?_sg=q8NiOGG5yNHYj0nQAlkQhqYpK3-_myZSULoUikfisRqANI6vMfK5xlfg50AAwhhW2zE-znUmTeh511I
107,publication/339320445_The_diversity_of_Anopheles_blood_feeding_patterns_suggests_different_malaria_protection_strategies_in_different_localities?_sg=xkxnQyWrkCqTEt4nWpQQcuFMOHe16oDFghUB5amS6mp1kHeYEEH5VfrnVHcld4VwSegL6z8H7gZdKP8
108,
109,publication/334504789_Reinventing_Vietnamese_Socialism_Doi_Moi_in_Comparative_Perspective?_sg=7dRHh6Kz6OVR7dgO8m7Sq8IYgl2J5gKBvMCZntkUSKcYctncKZWJaCP82VnqaoYWeE4--yyFdGZawDY
110,publication/364092621_Encounters_with_Svanibor_-_a_Meeting_of_Hearts_and_Minds?_sg=e3tF2ZD_AK-7SI0wziwdaUONKGl1Ixf10_JDcAJuNA_vaUlhpz3IYw123OgzLJU7uRbB6SIC_Qg7qoY
111,
112,publication/333566910_Corrigendum_to_Porcine_bile_powder_supplementation_of_a_high_fat_broiler_diet_in_relation_to_growth_performance_and_nutrient_digestion?_sg=WQ5xj_LNia3QpbTHGmJvIk7eTJGUJ67Q5_zbQWhXWorAB2t1JaYHzgLfFr2MjPVzwa6ERoN2mpQo_Cw
113,publication/336143864_Introductory_notes_for_the_Acta_IMEKO_Special_Section_on_the_Asia-Pacific_Symposium_on_Measurement_of_Mass_Force_and_Torque_APMF_2017?_sg=azisnqDxZGImTtslukfC7idg5_zOxkJvjMvN87LWw0xT0dEqTjhNvTi1B-g8AN9BwxvYenHo67Wc0gU
114,
115,
116,publication/334809706_The_menstrual_cycle_may_not_be_limited_to_the_endometrium_but_also_may_impact_gut_permeability?_sg=NYsbJBdIwvyiqCPpNkfPSisjYraLibu6LWsyFt8Vl41McrP_mf61-zdRCxIgMdNRuFSB3xJDngpMLNM
117,
118,publication/331378309_An_Outbreak_of_Peripheral_Neuropathy_in_a_Prison?_sg=LqKYBZBjqS8_M5cvBuM6O92SU5lrVdLD48IERFqo1gQCsiFWh6Es29PVd_LPZfrEBMH4r0V1MR1v0RU
119,
120,publication/329486543_Inclusion_complex_of_b-cyclo-dextrin_with_coffee_chloro-genic_acid_new_insights_from_a_combined_crystallographic_and_theoretical_study?_sg=CSr1C8SS1h6DyImdC2DfoWbI1rXySQEwifZStkCJLZ8AwTYOGY6OKYH4sS2hhtKSz-r2wIyjSLT8EAo
121,
122,publication/347452602_Dark_Matter_of_Primate_Genomes_Satellite_DNA_Repeats_and_Their_Evolutionary_Dynamics?_sg=Alfkwug-tubQEmpm8PIW-QzofsOnmDu9ANMMwxHSy9rUPQ8z3GuO8w2NfV5HohGnQIcCml9YYM8BDWM
123,
124,
125,publication/346479903_Treatment_of_Chronic_Severe_Flexion_Contractures_of_Fingers_with_Bilateral_Side-Finger_Flaps_Wing_Flaps_and_Full-Thickness_Skin_Graft?_sg=KfZTO7t7251rP0Isl-VPnaRx-cUrRzVZh7-4RXtr0J0d4RJ8VGSGD4egCDwaYtixHaP16egXMquEsHQ
126,publication/343149152_Author_Correction_Tropical_forest_soil_carbon_stocks_do_not_increase_despite_15_years_of_doubled_litter_inputs?_sg=Alzl0z7W2s5uzJMJlIaclxTf1cXcGyAhkk8sfY76gZhkplUVFyn1Bdi_pyulMCu4rKDCH-m2O16g2Zk
127,
128,publication/346731505_Corrigendum_Candida_Administration_Worsens_Cecal_Ligation_and_Puncture-Induced_Sepsis_in_Obese_Mice_Through_Gut_Dysbiosis_Enhanced_Systemic_Inflammation_Impact_of_Pathogen-Associated_Molecules_From_Gu?_sg=dBhDEYnhcr1K_ytvlPVqyoyyPfZhBK39zMrOotDAofjtvHFVeqbfzszYak5GONESBiMFFaKLB2CGXPY
129,
130,publication/345059850_Lightweight_PVIDNet_A_Priority_Vehicles_Detection_Network_Model_Based_on_Deep_Learning_for_Intelligent_Traffic_Lights?_sg=GGYYUSLUnNnkiBDJLVOMBVhzqOehnZJZ39-cBc8mx2x3OjDplIbtfPvmBJSh5XNcx3yVlDGdxurk72w
131,publication/346406179_New_Fluorene_Derivatives_from_Dendrobium_gibsonii_and_Their_a-Glucosidase_Inhibitory_Activity?_sg=H9TTMaLKhH_ZjrKZio63o5cAuepMcaVuyca19Y8sZE3w2rBOUyL4FD3iCW45qs1F0c8i_fR80yloruo
132,publication/346377226_Relapsing_polychondritis_associated_with_pauci-immune_crescentic_glomerulonephritis?_sg=0uPPGSOQEfk2DmNeS0f3F8u56VSLpfJfPgrvk3yRXNKOAGOqwXA4OBOjfx9OLJ1FmYEBhCLivWmoO1o
133,publication/346375301_Glutamate_receptor_antagonists_for_tinnitus?_sg=Gjtk5_MiVM9uMUiYRucQUUFjLMMGqmsPlauE0h26OymzaNgpqvQYsDAGbCYlTTKunAS5gxvi8XWkUV8
134,publication/342921736_Corrigendum_to_Solubility_modelling_and_solvent_effect_on_solid-liquid_equilibrium_of_22-bishydroxymethylbutyric_acid_at_different_temperatures_J_Mol_Liq_312_2020_113370?_sg=WT6qYcG2-gRyaOH9TyxZzoTMNMZ_g7zPHS3NboJI8z5nV7a2_z9ze_0v3JupID4YAxvccpHzyaI-gyI
135,
136,publication/346018942_Exciting_times_for_the_ISTH_early_career_professionals?_sg=GGWLbrXN2YTRp9zT5jgpXM8QyFGp4Pv8TP7PJn_9iL6z7S0qQz7NsGmfjX9cKulSdsDAYQxFYVsH2go
137,
138,publication/346466781_CyclinA1_Promoter_Methylation_in_Self-Sampling_Test?_sg=dA_4nJD6Kdcy7VEh2NnwGUO6EiRKgiBSqV8p83KdWiMuTH59IdUG4O2RYRH969KclgWhMijkj_DzKEc
139,publication/346457987_ASIAN_PACIFIC_SOCIETY_OF_NEPHROLOGY_CLINICAL_PRACTICE_GUIDELINE_ON_DIABETIC_KIDNEY_DISEASE_-_EXECUTIVE_SUMMARY?_sg=pq_qmuTFSrnPxyXAkzLY4qdH6kADooIiKP0Ui_W_zFwreGSd0hgy8gXy0keoByGGzFiwLJNy2Auas1o
140,publication/346057216_Diagnostic_utility_of_CT_for_suspected_immune_checkpoint_inhibitor_enterocolitis?_sg=mVicryBUZhSPAFxxgLpsogw97K_96ZOZHA3A5ueZTHgtaT7UcJu9Gyzt3QH6K3PO0mwjlT_pfSHH06M
141,publication/328390711_Correction_to_Blockchain-based_business_process_management_BPM_framework_for_service_composition_in_industry_40?_sg=W-BVDNAdgH5dT2Fdzj_E0jzwbmJLunQmt2Ieo0yB1AcGjMs85ESYe2y5CJcluJX0kK9itMvPRXaMP-c
142,publication/342984338_Corrigendum_to_Antibacterial_and_cytotoxic_activities_of_a_green_synthesized_silver_nanoparticles_using_corn_silk_aqueous_extract_Colloids_Surf_A_598_2020_124827?_sg=WYYbFZsVH7TrE2Sf-nbW8tIFndZbebB8UZ54eOg4h6ijN9olE6YHT8hAat8wschbZpubhnuyo802j78
143,publication/339369149_Flowcharts_for_Easy_Periodontal_Diagnosis_Based_on_the_2018_New_Periodontal_Classification?_sg=tZ-q5D1R9PH8Oltt9KCkJhSygmgTuOuNlWIR4wZAhauWQBNmsmZMeuvUvFfgY0HAqEkNCmbx11_erEk
144,publication/342890656_Progressive_fibrosing_interstitial_lung_disease_treatable_traits_and_therapeutic_strategies?_sg=D-s-YW3sMjpMwIirY2QmEUZk8FEi_U6BxYGeCjMY4KX65T1lhT4QbFVXvzl5MBWkuZjzOfyMBD9s47A
145,publication/343407385_Provision_of_Sexual_Medicine_Services_During_the_Coronavirus_Disease-2019_Pandemic_An_Asia_Pacific_Society_of_Sexual_Medicine_Position_Statement?_sg=BStusyDvLPgrgiBhJ7pSA-lM1tK0m2lT2WDXnob-SYw2AwrJMuSFvJ_HX3phpeTVCXDFVuUPk0e2IH8
146,publication/342366631_Corrigendum_to_A_multi-national_multi-disciplinary_Delphi_consensus_study_on_using_omega-3_polyunsaturated_fatty_acids_n-3_PUFAs_for_the_treatment_of_major_depressive_disorder_J_Affect_Disord_15_2020_?_sg=rP1UcH_RqovbA9b_6Xw66lYKnCzWfGSlw1LNl435ZWTAbCzQxQ900PFkU3V9oF-4M_x77o3EdZNWepg
147,publication/341598993_Correction_to_Dominance_status_and_copulatory_vocalizations_among_male_stump-tailed_macaques_in_Thailand?_sg=C2Cb3iYRogPxSWxZZQK_nrx1ZjIgNDBhoW2_pAgxOeIziTmIIHSvziNJULSjo5jU2T-2FxOcl9nrsJo
148,publication/342553428_Pedicled_Peritoneal_Flap_Vaginoplasty_in_Male-to-Female_Gender_Affirmation_Surgery_A_Case_Report?_sg=vw1R6TKp_YxIbIS53GJ1E3vQJRCAMYbDV5S5BmJZbjuwYJ41MOT5Oml55SGA_tzKzYsmdynUYFUgOUQ
149,publication/353830150_Management_of_advanced_metastatic_and_recurrent_cervical_cancer_Survey_of_practice_among_Thai_gynecologic_oncologists?_sg=5-NPUKkIdjcZ887peAua3_K8ounO8x-QTuSwMgvQyL4JiAZnRTAY_Fppyu28fE13w7iFjSGxeRtt73I
150,
151,publication/343375087_Regional_integration_in_the_EU_and_ASEAN_in_the_period_of_declining_multilateralism_and_corona_shocks?_sg=3YDkyunnpHe-5NQ1eqwrdy1c-ENnnzq87eAGHX7YK_E_-X3s8zrk6Vm0M8auK3jADtQS1GgrnjAvM_E
152,publication/342442363_%27Ring_of_fire%27_appearance_in_COVID-19_pneumonia?_sg=dx9dvoM18IYs8JxDDp5bDq6PW6CfvqMZXmV1JKfznMR7C6-NArvpgtZJxlWTmcG_BMWv4pq6cU2kvdQ
153,publication/342177465_Abrogation_of_PRRSV_infectivity_by_CRISPR-Cas13b-mediated_viral_RNA_cleavage_in_mammalian_cells?_sg=uNJOWnOUZ90889KCS-8DJPVBPc-6laAyaxrhjtP8fSF4vnl-_8CaEbnRXs4A2cq7jBHJAviwUphqTu0
154,publication/341800419_Genistein_and_exercise_modulated_lipid_peroxidation_and_improved_steatohepatitis_in_ovariectomized_rats?_sg=cxVUvcFkota8ka3n-MtRWC7iz9N-4tgC0enBAOkpuJUqX0Uru4kSoWMfYjuV4EJDmEjOXZB0paMx3QM
155,
156,
157,publication/340877209_Delayed_versus_early_initiation_of_renal_replacement_therapy_for_severe_acute_kidney_injury_a_systematic_review_and_individual_patient_data_meta-analysis_of_randomised_clinical_trials?_sg=8JqhKrtZnCcZyoMAKWlF2QC1AHyliI1bHxdslmHIeMg3YFghl1kJRZ5N6YH9wAcke_d0NIXSRg2709A
158,publication/350580663_Study_of_dijet_events_with_a_large_rapidity_gap_between_the_two_leading_jets_in_pp_collisions_at_root_s_7TeV_vol_78_242_2018?_sg=H5S6vzhNLTn6M8GKczwXjSC_XV0XVvMDbhZo9-Qjgn2cKLNyrffferrSZ9wa69priTn_dUk-VyjyJ60
159,
160,
161,publication/340908905_Constraints_on_the_ch_c_1_versus_ch_c_2_Polarizations_in_Proton-Proton_Collisions_at_s_8_TeV?_sg=8oreKlKF0lNXJ02_Qk1FFOp16piVfKFJiMn6qAUE7ooSPDmSmim7rso7WWyt_nDb-XG-Jq1czKfpsZc
162,publication/340624461_The_8th_IUPAC_International_Conference_on_Green_Chemistry_9-14_September_2018_-_Bangkok_Thailand?_sg=VOFMAGcZqaQUl7TkhneHjoaONWxM-ujI0FKku4SMJJODK4JkD5FPDQcrDA2AJGKBK0ZJEsAp3pB-rf0
163,
164,
165,publication/339078679_Correction_to_Two_new_xanthones_from_the_roots_of_Cratoxylum_cochinchinense_and_their_cytotoxicity?_sg=8G3pWHBotT55hJl2FLp9bwgXsjzcrhHCM-e3_j5rmRY4KnBEdcmTdThS6T3S6Nybj4P9YcUDfQbQKvQ
166,
167,publication/339410718_European_Position_Paper_on_Rhinosinusitis_and_Nasal_Polyps_2020?_sg=27GqXu745uAsPwSkQbcN2C-3BN2_w0hrUTam3wx0ANRl0_xPWhxwgLDLKNFXbYi3MHKWBNv2qX5MrfU
168,
169,publication/338487405_Correction_to_Cell_adhesion_molecules_plasminogen_activator_inhibitor_type_1_and_metabolic_syndrome_in_patients_with_psoriasis?_sg=WRmgWhSkY6dd3r6x50gWkn-rup0ne8qcKoH3RsCN5rnOLgvTCQVJXLckCDV6gaWRMxL3VItgVk3Kwm4
170,publication/338383939_Correction_to_Optimizing_Pueraria_candollei_var_mirifica_cell_suspension_culture_for_prolonged_maintenance_and_decreased_variation_of_isoflavonoid_from_single_cell_lines?_sg=rkZFOPky2mz_j4OmxmNBewH8Sqsh84aDRlbtNYQKxX0sEb0ZRNw_glrEoHsYcwM9h5qNXgkcMlGoQ2I
171,publication/338465594_Correction_Abbasi_A_et_al_Poly26-dimethyl-14-phenylene_oxide-Based_Hydroxide_Exchange_Separator_Membranes_for_Zinc-Air_Battery_Int_J_Mol_Sci_2019_20_3678?_sg=FaXA-SZ_FotdTpqzV-5UZ0BpgKlwR81LV14SkatK2I_dLNi81oAvdkbzyw61xXulnFA-l78prIYbH7M
172,publication/346599929_Case_Atlas_and_Illustrations_Colon?_sg=_qMHSvV46bs3myguwVryTHCz4XByWc8SBkh7FCWom1_pDItbjsboKVQDvMsPF66ib-QQveOn_iEfPtw
173,publication/347688778_The_Regulation_of_Unfair_Terms_and_Consumer_Protection_in_Thailand?_sg=ACttAMWEqJC1GAvjDIf0qBIwjmT8vUyS7zChQrThs1iYCDo-Ey-KWdPmLv6kJN5J3hXtg20AxE-nGf4
174,publication/346121288_Thailand-EU_Ties_A_Toxic_Love_Affair?_sg=Fo1ibOHfq7UgcPhsFZFRW6Cma5FL7zRDbz9lzdScErZFq6HUDl_bP_LQo52iyhcTNzrKq2jaGDtG5CI
175,publication/338551633_China%27s_Rise_in_Mainland_ASEAN_Regional_Evidence_and_Local_Responses?_sg=UqdsPOA6-N1xG9vBiFT7RpXd6d4nenbeWY83l9kZ1ICkKWs0zAUIvIdyWJPjhl8RQkW_vYY_qpQ39t4
176,
177,publication/347320743_Identification_of_pathogens_causing_invasive_fungal_rhinosinusitis_in_surgical_biopsies_using_polymerase_chain_reaction-_CORRIGENDUM?_sg=3xAdxUx4m3JL0-tG-DQGBWGdHfLUOK-wkX-9V46wv89yHgGXk5iKEGozf6AOjnaGpmRAsgp7WIP-ucI
178,publication/228354460_Vancomycin-resistente_Enterokokken?_sg=sQQEzfes8Vhw5JsfP5q63gqVsNfVE0_iZFxIUziPCWFE84m24ywqKsqtilCLvEmEVj-iG31jXi3UX4c
179,
180,
181,
182,
183,
184,
185,
186,
187,publication/335249492_A_New_Perspective_on_Dry_Eye_Classification_Proposal_by_the_Asia_Dry_Eye_Society?_sg=mQg5XdkJi9Z-odxS6efUPh4Llj64wY9CtbH0EzlB0QUPxG-kPjJv3UHTd-hRSdBU1y_sXyoCVOADzXw
188,publication/357433956_Ontogeny_and_morphological_diversity_in_immature_mites_Part_V_Table_of_contents?_sg=36wJNFOEc5afH8fXQrv6AdI4jcaWvwhTi-jT-LMIvmyJdpKNamEdC1dCIBJb-NWdVVLLA2-o7JF6ZO8
189,publication/357432757_Ontogeny_and_morphological_diversity_in_immature_mites_Part_V?_sg=sekbxsjfg7lfg_Blcze6BmD_QZHR-xIUCLY8ZjOuVVGNjPAKB5hrsfhqmc5QyPwt5_CVoXJQp2YgSTI
190,
191,publication/356936950_Erratum_for_Sodsai_et_al_Complete_Genome_Sequences_of_Mycobacterium_farcinogenes_Strains_Isolated_from_Clinical_Specimens_from_Patients_in_Thailand?_sg=m6taKX0eejHHu-5HIr6e6a2guv3MYtFyy78sotHUZPkJ0ipAd8EjDrWHk8XzB7MhSxywiCg3TzYDPOc
192,
193,
194,publication/353805941_Correction_to_Computational_Lock_and_Key_and_Dynamic_Trajectory_Analysis_of_Natural_Biophors_Against_COVID-19_Spike_Protein_to_Identify_Effective_Lead_Molecules?_sg=xDdi0VICKkzA1Rsdiioc0svDud-Bpo9R4kO_25AgOVF-eav9bFJDBiWn9aF40yYac3lDCsmtA0l-N0o
195,publication/341343607_Book_chapter_s_contribution_in_Bentham_Science_Book_Nanotechnology_for_Environmental_Remediation?_sg=Gw6sY4xO5tKW7ZYCiNMwH-YrbwpTVta9i1YWrIQD_oKlLRhtMhApOf2tK8OIbkkLLbJIkjjq7iPwZ-A
196,publication/352264633_Publisher_Correction_Pharmacokinetics_and_metabolomics_investigation_of_an_orally_modified_formula_of_standardized_Centella_asiatica_extract_in_healthy_volunteers?_sg=vGuyuqA0o561xQloIhBrIV9UcpvcXVIc50FuA48YdIr8yjm9ICBabB9hMMDSIqRq4dB0aiQEAGo0q74
197,publication/351781399_Author_Correction_Triple_SILAC_identified_progestin-independent_and_dependent_PRA_and_PRB_interacting_partners_in_breast_cancer?_sg=DT0sXNmJDjHc7nDuIREjAkcwbx17mwSddnDCGSNaeFTAjopmZIohhcAPCQRjgv08Y2prHRjW0PyjjWk
198,
199,publication/349710806_Perceptions_of_the_appropriate_response_to_norm_violation_in_57_societies?_sg=Xn9bSuzaPYHCZtkPr8Am_yy1Lz6mU5CgUD3ewik7ZPd2-WaSidKHVdVRJftBYes23mfigK80N7aVwTM
200,publication/349622866_Author_Correction_Evidence_for_SARS-CoV-2_related_coronaviruses_circulating_in_bats_and_pangolins_in_Southeast_Asia?_sg=JGQ4YhqEuW-EYpqZ-GJPDD4UbPnnY_Kiy7mtWE_6ZyOdrQVi1QgvNEhxzrnkIn5-sa1nS8VwVeIki-E
201,publication/355848271_Erratum_Suwattipong_et_al_Comparison_of_Point-of-Care_Testing_and_Hospital-Based_Methods_in_Screening_for_Potential_Type_2_Diabetes_Mellitus_and_Abnormal_Glucose_Regulation_in_a_Dental_Setting_Int_J_E?_sg=fdYTnCt-v0_6Z8k-r1k_-Lz1g3oz6HmfBMUpe7eAeFALEcq0b7mTTMCWnLIVRVfS2cqPASgxLQCbRZY
202,publication/355255740_Correction_to_Preparation_and_characterization_of_bio-based_green_renewable_composites_from_polylactic_acid_reinforced_with_corn_stover?_sg=XKoV4cju4h0gZSAO-tAks1qTyg6a-V2JUYHNwFf6andH4F91_zm0PgIhk9gZNFja_MoyVvZ5KsyLw_U
203,publication/354427427_ConCerv_a_prospective_trial_of_conservative_surgery_for_low-risk_early-stage_cervical_cancer?_sg=OBVhBsyFzA9ZHpJuYsNhBme9EpQBST4M6FzZrVRZPT3syarLAIjOvS6H21pq6UBvf-luVqutOvNOGKc
204,
205,
206,
207,publication/354538101_Huge_cutaneous_abscess_and_severe_symptomatic_hypercalcaemia_secondary_to_Mycobacterium_kansasii_infection_in_an_immunocompetent_patient?_sg=-bXB_Lvnw6tIlTsJPSs3BDXo9ibeZD38gCLV-Hc1RkWeQDyV24e6TxypZxX49-ISubkC-Eh651d9B0g
208,publication/354798935_Panagrellus_redivivus_as_a_model_for_the_study_of_gram-negative_bacteria_pathogenesis_and_antibiotics_efficacy?_sg=moCHRbyAFLfwMQuVnDsZiBOAV_PIEX5uDEzSC79CQ1KE_vE8GX3YjXi8J0RZZlx6MeN81xtJcd7mMPo
209,publication/6327190_Increased_airway_iron_as_a_potential_factor_in_the_persistence_of_Pseudomonas_aeruginosa_infection_in_cystic_fibrosis?_sg=YWzs7vHkth0c-3Sv0bps4TFaMnRYIStVBZG27t8hR_qhINWkWTZu23BjpkMRVv29TjRQVdOwnfpBNuU
210,
211,publication/354804040_Colistin-EDTA_combination_for_eradication_of_colistin-resistant_Klebsiella_pneumoniae_catheter_related_biofilm_infections?_sg=6z2qd90ykDl1tnJDks54rzBmUSo-BJ9xPHlNs_HGb-DkRqN7KaCqe1Npyri8prjIyTRv10yn-fgRTh4
212,publication/352404213_Factors_Associated_with_the_Incidence_and_Mortality_of_Coronavirus_Disease_2019_COVID-19_after_126-million_Cases_A_Meta-analysis?_sg=SKfnHpqkk5L0fnUE3q46xZBe8l7y6IU4708f3hF1Kt3kcFQ7I72CNn0V3D19djEutDdeV25kFspyFZY
213,publication/351510355_Corrigendum_to_Quantitative_analysis_of_nutrient_metabolite_compositions_of_retail_cow%27s_milk_and_milk_alternatives_in_Thailand_using_GC-MS_J_Food_Compos_Anal_97_2021_103785?_sg=5p8UBK9PCxclMXVPRsF6Bxj2dDFPiAWIGwrvQVyy0FxRp0VF86LygOB-4w0LXS8pZH1zz0f6GT5QXDg
214,publication/353004472_Low-cost_alternative_biodiesel_production_apparatus_based_on_household_food_blender_for_continuous_biodiesel_production_for_small_communities?_sg=vduUVKnLMa8hgMXWT7WIngtus76tAocc4v5kwWTVrvLywYUP2ahWWESADsXIyDwKSb5UyRm-SPPjjZg
215,
216,
217,
218,publication/343554239_Correction_to_Sinus_and_anterior_skull_base_surgery_during_the_COVID-19_pandemic_systematic_review_synthesis_and_YO-IFOS_position?_sg=zdfWBj9_HoEdmuClHzsr2PEmwGHJzBRWtB8RxASoXdqpQbBqjwWHOLCT6ABqFvY2mOodtj5uxAI6O-M
219,publication/352738860_Investigation_of_key_chemical_species_from_durian_peduncles_and_their_correlations_with_durian_maturity?_sg=Tks0uUt4GiW1xktcyTJj1KU1VGfBBiMQlN31fnrgJSjXC7SPK-ZvwyPUfWiAiC4hj6HmajhJDMbAixY
220,publication/352123481_Mycobacterium_Chimaera_Choroiditis?_sg=hsfSwrgemTCLNns8NObQSMOTcGwtXaeG7CRxJewPeyXW1s1CHcf6pW1Wh082jn3e8fEEWZgLhgMei_c
221,publication/351370064_Correction_to_Prevalence_of_Enterobacteriaceae_in_Wild_Long-Tailed_Macaques_Macaca_fascicularis_in_Thailand?_sg=BhpNeRojSYErwDUGwqWN3KATJuUm1fZ3dGTranQZrc-1GgvW7BqjsV7jSg7SA9F8TqygqfjBc97_4hg
222,publication/351312822_Author_Correction_Implications_of_TP53_allelic_state_for_genome_stability_clinical_presentation_and_outcomes_in_myelodysplastic_syndromes?_sg=P4MVEC3YPvHFnnq_wpLG3w1Fn7zLtnO46BmGxozG9NgI_KYBar3xHAS4evsJs4SphWYyvBnCUxuE5SQ
223,publication/351319540_Erratum_to_Measurement_of_single-diffractive_dijet_production_in_proton-proton_collisions_at_s8Te_with_the_CMS_and_TOTEM_experiments?_sg=AbCg60rAvmtHmnYaA-CpTW1vEtiLEojyHAIQwKEmNxA6H5KiprurT59PoOSfd6JgK3-egD2Kfjh_1fw
224,publication/351071688_Art_in_Endoscopy_A_metal_daisy?_sg=DyN6CrIbF1kBQF6ISj6P3nR8qLxGVdGjDfjvmQ47OSiCmLnYWAdMKLDm_eM0o8rBgqHbxpSG0K0poOM
225,
226,publication/349395145_Discussion_of_Settlement_Estimation_of_Piled_Rafts_for_Initial_Design_by_Priyanka_Bhartiya_Tanusree_Chakraborty_and_Dipanjan_Basu?_sg=LUEYqvHXKWCUzSrpoT2BQQH-8q37bTAq6LO_I3gLz8bpL_4HHXZbgt-KUbcOARz4qFgncA3LwKdWQ3E
227,publication/351252406_Antidepressants_and_Risk_of_Sudden_Cardiac_Death_A_Network_Meta-Analysis_and_Systematic_Review?_sg=QOR1ihFbr3jNiOx80tOT0-dgSvPRAI2nON_kX7Zxy-bbxvUSSSSUBCm4FWHI3b-cxxS0pRxgjVpprfg
228,
229,
230,publication/350530775_How_Clean_Are_You_Really_A_Simulation_Study_of_Droplet_Splash_Using_an_Acrylic_Box_During_Cardiopulmonary_Resuscitation?_sg=8fd_fWq_Pp2tsIlHtKL2w6g3oQAV3OBAgeZfh_D5ywTTm7lRt176QAt4t23QwAlrIQgi49_wPT3DTo8
231,publication/348668511_Author_Correction_Expert_assessment_of_future_vulnerability_of_the_global_peatland_carbon_sink?_sg=F8rERRbTM-RZkaupeLTMOzNGEs-YToV3KSCDO6vgVDPw5-DjJD9aDNBJ4jQKoM9aGVWIydKEBWd3u5U
232,publication/348435757_Special_Issue_with_selected_papers_from_the_12th_international_symposium_on_applied_plasma_science_ISAPS_2019?_sg=8RqOFy_8M2DRt8jQmDru9vkdza4ruUGPrukMOid16R8rtFmYEdz18zWOvSrSsimT-eHQ0oEbZmeZn5Y
233,
234,publication/350029385_Preventing_the_next_pandemic_the_power_of_a_global_viral_surveillance_network?_sg=maWJ-CDJ613R6krhG017Pz3FrFqIE_gOZ1AybdmfxT7An1tvNuRD9PqFX3LGoSxlbU50Ig2MsaKWXU4
235,publication/349906524_Q-Meter_Quality_Monitoring_System_for_Telecommunication_Services_Based_on_Sentiment_Analysis_Using_Deep_Learning?_sg=N7--11fq0pjKfI3f0IUALRkeKC9n_0nI63mbi9VzVU26cLUWydjmeZnZaREyc8Z8vlAw88ITdeMJ4Lw
236,publication/349340083_Magnesium_Oxide-Catalyzed_Conversion_of_Chitin_to_Lactic_Acid?_sg=6Qj2fVvPSXipBCuRzDTMZOefjVYCxQvxf4bnPUTVUGe70GwhtoewEqll4e-EVavGXHN2SHi16ock0X8
237,
238,publication/349174720_Author_Correction_Implications_of_TP53_allelic_state_for_genome_stability_clinical_presentation_and_outcomes_in_myelodysplastic_syndromes?_sg=FvaaZ1uCayiF70cwQ2Dwc0qYX0bba7mo9Z4CJERwfNuSs1LIJlBTzNKaRYlFrh-N0IZqnh6YI0Ak_Kw
239,
240,
241,
242,publication/349023899_Unusual_type_of_diabetes_fibrocalculous_pancreatic_diabetes?_sg=xmGSa8oFYc4dvnqNpY9sdeEpfYaSTSrJ1m35opTVtqk8K-nPQS45PKuqCaxmn293nViZR0E61pe4MU8
243,publication/347594217_Sex_difference_in_the_mouse_BAT_transcriptome_reveals_a_role_of_progesterone?_sg=MJkbjhTiIApbhOweDC5x8JbI7SHyoBhxkT8OBOtaziUMOxYF_0csW_pkxDTz5yg-ZPk5PKgCUpGK9Ec
244,
245,publication/347437387_A_multi-location_peak_parking_approach_for_calculation_of_second_dimensional_retention_indices_for_improved_volatile_compound_identification_with_cryogen-free_comprehensive_heart-cut_two-_dimensional_?_sg=r9tu4N2GmuipEDAK7RNIQRk3tsFuXzafYUxGmhUr46BbPufT3-DTljb7v_BMR07a2skHa5zmixp-cKE
246,publication/346150930_Testing_Sex-Biased_Admixture_Origin_of_Macaque_Species_Using_Autosomal_and_X-Chromosomal_Genomic_Sequences?_sg=hCDHLFLQr5UcF85-nwGMk8pWe-aqLa2TI4cqsCd0GrgtwwXcTruCyH1P_ITTEbwveXTMSdHISELFRqU
247,publication/348379368_Love_and_Friendship_Across_Cultures_Perspectives_from_East_and_West_Perspectives_from_East_and_West?_sg=Zz73sGZuPEty9PtveCAo9YtFmdaIEx0PJskvPMIWgRZQoMp09BH3RxsQ1YgeUVn_p91t55EFYSwRCYw
248,publication/385094172_Preface_3rd_International_Humanitarian_Conference?_sg=6etfMKMDzNOiuRGJORJNd92m7rZ2ZGHiSJYq0zD7MPpDmrRjLOnibXwv8pWRIiL4ylSi37NwKvyJud8
249,publication/355652076_Disparity_between_knowledge_and_practice_regarding_COVID-19_in_Thailand_A_cross-sectional_study_of_older_adults?_sg=2Diqi-jjKKfuYa4779ARtLxKXCVpCvMZ8g761mHawbSrd_6DxCOQa_yudEzll823mR2GdBvObpd87aA
250,publication/355616269_New_Adaptive_Surrogate-Based_Approach_Combined_Swarm_Optimizer_Assisted_Less_Tuning_Cost_of_Dynamic_Production-Inventory_Control_System?_sg=UlQO8U7J8AchliaI65fcZUXHXvHFycf6mYBbmzfqKS5lVNaTul2bk8BdSEdn0vnZBZQwCymT_U-5TTs
251,publication/363447745_Verbal_complexes_in_Thai?_sg=Z2pn9B71CH-I2v2gWo66MwITRNBHpD2eaPUe2tKXAiuX3G1R13MBdeV-Dtenp3b3VurHC_BqwMtBo-E
252,publication/353464985_THE_SENKAKUDIAOYU_ISLANDS_DISPUTE_A_DISPUTE_FOR_DISPUTE%27S_SAKE?_sg=dKeEC1xRL1BRUSds9_k3IJ7voGBcIZbJhxTlV9ZFjcpo87QGm5xcU3CZrZGxQZ2YnRrZopYtj20iDJo
253,
254,
255,publication/385094172_Preface_3rd_International_Humanitarian_Conference?_sg=qyiovpDPTyoQ57As0AJfl7wj3o07ifwQSpi8AQc4sBgYjLcB4C6Y_1Ql0NiYMRX2c5wk0JG36aR-E3o
256,publication/349999675_Correction_Erianthridin_Induces_Non-small_Cell_Lung_Cancer_Cell_Apoptosis_through_the_Suppression_of_Extracellular_Signal-regulated_Kinase_Activity?_sg=oMrbkPZBkwAqYpF5wHIOxL7pzEbHrxcnRrR88A-CoIrfw44N6DI4a_EOQZbvB2yDsfwzWH9CNAD3cNE
257,
258,publication/263877237_Liu-Wei-Dihuang_A_Study_by_Pulse_Analysis?_sg=u2UbGJSfpVEL311IEmUYTA2MyvxucG5YDTEaa1T83tPKsJ6XzXnmDjsOcMhtEBrqcTc0pABF6N4HN_A
259,
260,
261,
262,
263,publication/364590280_Genetic_diagnosis_for_adult_patients_at_a_genetic_clinic?_sg=ksRw0LRfM5qqCyFN81uKpwRLt3HAh5-XjjmQIK_Hv-tXp9v-YUNWCROhvvEDNBnfCXoOGxmecU4MMik
264,publication/366518846_Author_Correction_A_data_driven_approach_in_less_expensive_robust_transmitting_coverage_and_power_optimization?_sg=sG2j0Jl1IE531TD00K3e4joX6puhx-WDM6JUiFusoBY-Qzf_Vzo-cyKcdBGfwHdADZnMOzQHyoqDQk8
265,publication/366447323_Author_Correction_Sampling_from_four_geographically_divergent_young_female_populations_demonstrates_forensic_geolocation_potential_in_microbiomes?_sg=Ll7zlqo64At_bf24S7v1F1nRLJbBZUV6eri7LjSUAmq7TnqpxG75evcSRQHz0MySe1MQC2L42iM8Ldw
266,publication/364606197_Efficacy_and_mechanism_of_the_antinociceptive_effects_of_cannabidiol_on_acute_orofacial_nociception_induced_by_Complete_Freund%27s_Adjuvant_in_male_Mus_musculus_mice?_sg=UywxgFBD-1rLUW-SjmyUbPTkxO-vZ9-TioLaPcTU3R6tcTCojgld1L2vj8sUTQheeQTpJBfEORful-E
267,publication/363695229_Publisher_Correction_Fundamental_social_motives_measured_across_forty-two_cultures_in_two_waves?_sg=lavjlDGq0tEUbnD_5s3pUBgzokxqr2-L28PvksEDFn4sYtpQB_9-XDJx70LW5AeMNS8wzXiZtnc_p10
268,publication/361784703_Author_Correction_Valorization_of_spent_disposable_wooden_chopstick_as_the_CO2_adsorbent_for_a_CO2H2_mixed_gas_purification?_sg=Gw3G48fbcQgzPLFOmKK03ZZ3StI_jyHZjiITi6aj0cNJ8vNymP-XN2YRmKpyWXLZskaKbQxygZhdaFA
269,publication/360084910_Publisher_Correction_Myzorhynchus_series_of_Anopheles_mosquitoes_as_potential_vectors_of_Plasmodium_bubalis_in_Thailand?_sg=l6Ngxw6AjftiJFiSkg4t1U3gejyYvGC3n9HGkP4piPCZYmDYY4QzZsCCBCLKyOhPBuEBpEhnHwCBOyM
270,publication/364363607_Prevalence_Risk_Factors_and_Prognosis_of_Liver_Involvement_in_Adult_Patients_with_Chikungunya_in_Thailand?_sg=XjQkP77t3Hd9EjZ3IylZD4M_CvmI7d0hFpKouvEtiWjTcaPEPh6R4P_YnYpGPw1pMhyboi27-rAWYzg
271,
272,publication/365222736_Optimizing_Concentration_of_Polyethelene_Glycol_for_Exosome_Isolation_from_Plasma_for_Downstream_Application?_sg=UXG21zhicPd6pSmfCEUqbnjcMyewbpPhFBOBDH_snZpZzF8bSPgDGPk8DZaiTGCdbUscxVJFbCpVNEc
273,
274,
275,publication/364939448_Corrigendum_Microalgae-based_wastewater_treatment_for_developing_economic_and_environmental_sustainability_Current_status_and_future_prospects?_sg=6O_C1S58KY2MsE7jxILevlzWexNxFQgt60nTp1Xj8jC5qfzH5K4KAmxsWTVMOtFGA6D1qIvRsGaS2AA
276,publication/364085630_Special_Issue_on_SATREPS_Area-BCM_Part_2?_sg=hdGTFhPzIZURF3wy64MfYGv60SWAk3FomsrJqH4yg5K_KsK5ycTUo-8InKd4kxMjl7QBGSeAVPrZkeI
277,
278,publication/363547248_Ontogeny_and_morphological_diversity_in_immature_mites_Part_VI_Title_page?_sg=dhtd3WqYUpS43DnQJGjzqRZLqqAMwIoOqR0bolypLMjjPWS70Ehyes9589tODhSwc0he4qtuNUrzmxM
279,publication/363556995_Ontogeny_and_morphological_diversity_in_immature_mites_Part_VI_Table_of_contents?_sg=AHXcdHCYWkbVWMokP9vHCTllkKNChN277NFLJ47tXMI2bbyiWZWsX0CqguU3S-hTBFJOUiRDCssiwq4
280,publication/355196307_A_multi-country_test_of_brief_reappraisal_interventions_on_emotions_during_the_COVID-19_pandemic?_sg=yJBp-d5DT44q96vCk84CwwSyZEZAlegcSfSadgRtrMj0ta4JUOkXQIz7p0wH8mfuIZeoLqYotRPKTt0
281,publication/354772909_Building_Programmatic_Linkages_in_the_Periphery_The_Case_of_the_TRT_Party_in_Thailand?_sg=8fy0YpNFQlfVg7IvKDG38jVSUY_EkmUgjdDDFZYj37sdzXah5frZ9hNS0OESgY2JFknd9vQ2Y2bDPQU
282,publication/362809267_Predicting_the_potential_for_zoonotic_transmission_and_host_associations_for_novel_viruses?_sg=CnL1pNOByqbcIxDWalPbhnyRPPK1TM-PTEm2yG7CyAQSpCOg4c8QXaayR_1qmzV4h3aoJkOMae8v-Gs
283,
284,publication/359906342_Gallstones_migration_from_ruptured_gallbladder_to_necrotic-tumor_cavity_after_metallic_stent_placement_causing_cystic_duct_obstruction?_sg=zsy-Q5-f4t4ZKlfHWKrcaGZ-TIWG483nrdVPVzx60mlkbJ41cRj27xC5gZ14bKawaYc9p1ebnhNjzvI
285,publication/362368979_Identification_of_Daboia_siamensis_venome_using_integrated_multi-omics_data?_sg=bm_zvRotFT97EjYlxtCZSANNkZIRiJFsPtuaOYPvD21RjC9QSd5xbViDM1CbsZnKDDs9X7Zlx0QJa58
286,
287,publication/360863786_%27Corrigendum_to_PCR_combined_with_lateral_flow_immunochromatographic_assay_to_differentiate_the_narcotic_Mitragyna_speciosa_from_related_species_and_detect_it_in_forensic_evidence_Forensic_Sci_Int_331?_sg=pLMqpm10utVeHyERObKeF9TqnWg9gUBQoeNEDubuMIM-aI42UjTd6xIS2EoS0KWTcNJzVt3fyeVY8uc
288,publication/359804285_Acute_haemolysis_following_COVID-19_vaccination_in_a_thalassaemic_patient_with_G6PD_deficiency?_sg=rQ_J1QTFTVzrNBjv7pHbn6hEiSNfCpU508Psy5ABbQvd6dxPoodYDvdBhrYXJmL-xOmNilEXgBW_Peg
289,publication/361121969_Publisher_Correction_Situational_factors_shape_moral_judgements_in_the_trolley_dilemma_in_Eastern_Southern_and_Western_countries_in_a_culturally_diverse_sample?_sg=tj6DVr2caps96P_DXNcZ4V0RLM0ZKM8wFBwDrkUqY9rkZ3cuiQGpUojHl9vvIpvveD1KRVvRdYirQBY
290,publication/358050322_The_Role_of_Optical_Coherence_Tomography_Angiography_in_Detecting_and_Monitoring_Inflammatory_Choroidal_Neovascularization?_sg=oOAThaVX-NRIpYDgnOIUTqx8-Z3TwDsv8Sx101PwzzWh33o5W2hr40IR4P1JSA1-ggC9n4O56um6zHw
291,publication/356763214_Interobserver_and_Intra-Observer_Reliability_of_Eyelid_Tests_for_Ocular_Myasthenia_Gravis?_sg=7pzGUimn4N-tLlS4AOLm9XJe7QNI2u7Bblr6buYTDrIvDk_IEaiEYXbXKXdXqsNLmyREaz-fyJl7c78
292,publication/360211853_Constitutional_Struggles_and_Polarised_Identities_in_Thailand_The_Constitutional_Court_and_the_Gravitational_Pull_of_Thai-Ness_upon_Liberal_Constitutionalism?_sg=PKWGXn9sfYzOCjwxsKIGBvho8XNq7An89dGpifd9XmSJ191Xjf7GYvBXEdP7AixcO-tTTNK3wBNk-sI
293,publication/360525705_Alprazolam_and_lorazepam_overdose_and_the_absence_of_brainstem_reflexes?_sg=Xz14CnXdNXXmItmYdypSg0oZYijbojQt5n-zWFOGLICNYli-H1Jwp6IHac_SbX2-EBHqp_AEM3SoZBI
294,publication/360664766_Wound_dressing_adherence_a_review?_sg=se61woyv-hcXU5YVKcBQVbwqcBn3TTqDnWC4kAeGQbzmH61h95-SGvzYGox-peW00HyMiAKbU1Fzndc
295,publication/385094172_Preface_3rd_International_Humanitarian_Conference?_sg=PorQM5iHnGVH8ve94qgvMQhLSu3vGfD32v1whulCaIU3RM7G1lT7sVIYne-JDdUXa3dU_JIc0OEulUU
296,
297,
298,
299,publication/358102589_Development_of_high-throughput_lacrimal_gland_organoid_platforms_for_drug_discovery_in_dry_eye_disease?_sg=Y1c6dEh12922rODKfelwBAzmfqD1QlnLfHBggCAYoQI6tUA_TrkA9oNWjoSZSB7CgSfuEI599SCPNNo
300,
301,publication/359784495_Building_business_human_rights_and_climate_change_synergies_in_Southeast_Asia_What_the_Philippines%27_National_Inquiry_on_Climate_Change_could_mean_for_ASEAN?_sg=A-zkbTOJebBSkZs0XN9qBnZXXuCuiq63FnpMdya9O8oXU0iULRXOGqjDkLxOXn1m31NtCTayvZPrYaU
302,
303,publication/357829892_Special_issue_-_Emerging_Trends_in_Thermocatalytic_Photocatalytic_Electrocatalytic_Photoeletrocatalytic_and_Biological_Conversion_of_Harmful_Gases_into_Benign_Compounds_for_Environmental_Protection?_sg=ruKtVAXStUSdwGzNrsqTocm1HR7r3zlvQn1PGJpWj0BQKEGmA8aGylx-MvtuZiFY2v2vY-XStm_PJt8
304,publication/357922910_Correction_to_Increased_Levels_of_Plasma_Tumor_Necrosis_Factor-a_Mediate_Schizophrenia_Symptom_Dimensions_and_Neurocognitive_Impairments_and_Are_Inversely_Associated_with_Natural_IgM_Directed_to_Malon?_sg=RkPn0esqtFdwso_affVOtT8O5546aK8pYbKqdaCrNCiNS4pEy9haAh5Bv9qWsN3p2Gyktu-y6ntgR-M
305,publication/355258408_Cholangioscopy_to_Diagnose_and_Manage_a_Patient_with_Congenital_Absence_of_the_Cystic_Duct?_sg=T4uuWFsqf3Fags9orKAFcBxL93Q72x9HdxU7C90dybSIqndQaVLPGSWbwLPfch0wBSE891m6UmHK6n8
306,
307,
308,
309,publication/385509490_Guest_Editors%27_Foreword?_sg=3H2bwN0X1aTWrc7IvO3h4i07dD2fGCkAQfw1icNz8x4yy2bdomPZkdVAj-G6RIsV1eT50NHrfD9s-eM
310,
311,
312,publication/363939839_La_Manfrediana_Methodus_en_Allemagne_au_Danemark_et_en_Boheme_reminiscences_au-dela_des_confins_caravagesques_connus?_sg=uGSY04Bqxze3dTUi8ETrrYiSzrfekoJlGUX9fs-iM748ZU1zE2EHsNP6zeNvYgiuXNqeW3JQAfvveh8
313,publication/358335904_Highlighting_Collaborative_Learning_in_Language_Classroom?_sg=rDfNQpsVvcijQiFUUmITuDtyKRWxZxUze3xmCuw3pN3BB4HQdOKJaePRhKbXIGQV3SIB6rH94TUDLOs
314,
315,
316,
317,
318,
319,
320,publication/361014203_WHEN_ARE_ISLANDS_NOT_ISLANDS_THE_PROBLEMS_OF_ESTABLISHING_SOVEREIGNTY_OVER_THE_SENKAKU_DIAOYU_ISLANDS?_sg=XAhMxLvisrGw76uuP9Rp-29TlZ17EhNQDCL4o4TZ0ZuXcPsmxWXengfUtaS3IttQeHz1EeUps6iP6xo
321,publication/359927912_A_DRL-Based_Service_Offloading_Approach_Using_DAG_for_Edge_Computational_Orchestration?_sg=xagLno5_4JBVU4bgjp0Jy2Frw4G02TyctTgcmIhT6EkMP718VY3Zy1o4wMxnfsHTrzlN-tXKbLTR98c
322,
323,
324,
325,publication/355488328_Correction_to_Leveraging_knowledge_of_Asian_herbal_medicine_and_its_active_compounds_as_COVID-19_treatment_and_prevention?_sg=-5bQxfyFrvOEn-Cq8PzRPaikNR9prGbnX799TRlA-mYuLY2w5rFjoTUhQf0hK3f9mpYvOdCfXcwi8eY
326,publication/355077575_Corrigendum_to_The_COVID-19_pandemic_face_mask_waste_A_blooming_threat_to_the_marine_environment_Chemosphere_272_2021_129601?_sg=OfTfy3QQXJ9MTGolQe0ITUG7OyEINGwTG4cIDFFuiMQYC5LOhbbHhxQ4YoKcoSmi2z8EMgNEWhsZrqk
327,publication/373492517_Author_Correction_Effect_of_plant_produced_Anti-hIL-6_receptor_antibody_blockade_on_pSTAT3_expression_in_human_peripheral_blood_mononuclear_cells?_sg=6E3pIxhJBd6gUJFuHou40NDdDhH9Nz72gkoTuSJ9VA0FbE2FrfPrci5c0FHYJGfqFvkkuh4q-wTbnIc
328,publication/370688602_Author_Correction_The_8-bromobaicalein_inhibited_the_replication_of_dengue_and_Zika_viruses_and_targeted_the_dengue_polymerase?_sg=ee7vVIaa6VHERl2TEUKo7rHz4ejbZ3KJMfqGhtqBkqHhHbZEje2bTotqppt4sOA2ecqSr-g34cZbwug
329,publication/370776455_Author_Correction_Intradermal_needle-free_injection_prevents_African_Swine_Fever_transmission_while_intramuscular_needle_injection_does_not?_sg=PpYmJr_hwlxYNdGGxOQR0nPja3vKsx9ByuontytdmJac1UyZaCzjyn7pRWcA6ID6yihzYnRqaHwpLjM
330,publication/369791591_Author_Correction_Compressed_composite_carbon_felt_as_a_negative_electrode_for_a_zinc-iron_flow_battery?_sg=PpZeFWrSsmAUQrJkqOQP4Fq7-raPW4vsJrU2uIPM8-8zYr8M1EDpSLIhq6EFV5WPjGkXD5B28WTwphk
331,publication/369451800_Author_Correction_Adaptive_effect_of_sericin_on_hepatic_mitochondrial_conformation_through_its_regulation_of_apoptosis_autophagy_and_energy_maintenance_a_proteomics_approach?_sg=C3v8zQu1zgHVIWt-Edo855BqzplGjlAeu2GTWNjufOl0lLklAP2TImKnl3d9ZcryM-AcHc69K67gOs8
332,publication/368169983_Author_Correction_Impact_of_the_adjunctive_use_criteria_for_intravascular_ultrasound-guided_percutaneous_coronary_intervention_and_clinical_outcomes?_sg=YI-4LMfCDAigiviKZ4eS0lbfuysLcu5h3dktzYKHE5JE2INVefJgc8PYENNYZ9iwtyQRhED-pFh-WvQ
333,publication/373312957_Simultaneous_immobilization_enhances_synergistic_interactions_and_crude_oil_removal_of_bacterial_consortium?_sg=U6v5Zy8AGN5zAMXo6hOHiUHtHdmK8TYO-ZtFzGAdJyxv0O4aQsV2BooqlrfadqBeVcCaPR1ZgLf9_so
334,publication/373173078_Safety_and_effectiveness_of_intravenous_CT-P13_in_inflammatory_arthritis_post-marketing_surveillance_study_in_Thailand?_sg=XvBNez3wvFbLV6qor8OLiVN92NM-Vi3fibDuAYEyVPMA9UzmJbj120wCiO1eK24BHsl5VTJGQBXfsQQ
335,publication/371995919_New_Trend_of_Applied_Plasma_Science_in_ISAPS_%2722?_sg=nGW7GD9d-r3Zy2OyuF1EBh3Sk04iYWkauS7Q4jtGNHargKfeHCiB_jVQA5IiS4yLFk5CevaihWglauQ
336,publication/372445789_Tracing_the_transmission_of_Mpox_through_wastewater_surveillance_in_Southeast_Asia?_sg=vTyLrzBEy6AbU94Z8YISeM11WHguPS5pKXHPqnRnJjvSXohyOlRimTJEakxbyjOOABIXfvUWEQzWFQQ
337,publication/373350052_Self-_and_physician-collected_high-risk_human_papillomavirus_HPV_testing_to_detect_high-grade_cervical_lesions_among_Thai_women?_sg=D7WMdcAVI50s9HE3Ob8ouMFAZ4pQCc3CAjW_BIdvzLJvgCQlHGUJOOfiOLhGQDMd_zP5HnWOHbz-_UE
338,publication/372785880_Body_Appreciation_Around_the_World_Measurement_Invariance_of_the_Body_Appreciation_Scale-2_BAS-2_Across_65_Nations_40_Languages_Gender_Identities_and_Age?_sg=CWyCd1HjvjIFZqPjd3edA5nm4a7XT_8qxZ9KqqkMEqYfEbXKOTj_OkXvyh1yZwgMhb0KeG9iN_a9j1k
339,publication/373606481_Erratum_to_%27A_Man_with_a_Uterus%27_Journal_of_Obstetrics_and_Gynaecology_Canada_459_2023_629-630?_sg=N_bDinO_epLgqd5mgPQrJOFyB_WUhSIeVFvz7o4-7ht_6_AOVydQ5r0deZ1QbRFCgCxd7KM4T83mD-k
340,
341,publication/373568010_Renieramycin_T_Derivative_DH_22_Induces_p53-dependent_Apoptosis_in_Lung_Cancer_Cells?_sg=DUA27iaRq8s55yPjPaeFRgMFNF7klkUshnbLwcodq1VWo7KNs9OZ61Ala-PGDleDlBRc0-uUAlgdzsA
342,
343,publication/372902856_Mangiferin_is_a_new_potential_antimalarial_and_anticancer_drug_for_targeting_serine_hydroxymethyltransferase?_sg=mWP0zdGZP8akYmd50RiHhvEDiZGPoOqtHJKMdn_f8bf1gnlINQ-djslK8GeVdCcHL2G8Yjd1zvzGvXk
344,publication/371065960_The_Potentially_Significant_Role_of_CYP3A-Mediated_Oxidative_Metabolism_of_Dabigatran_Etexilate_and_its_Intermediate_Metabolites_in_Drug-Drug_Interaction_Assessments_Using_Microdose_Dabigatran_Etexila?_sg=A4EF8Mpvvf292GJPDSASAQhLDsxcBV_UGhacjQsudLTXRWk1vx28zmvJQ_vkLYJYIyzV4EIaXbLSsn8
345,
346,
347,publication/372343063_Metaproteomic_Analysis_of_Gut_Resistome_in_the_Cecal_Microbiota_of_Fattening_Pigs_Raised_without_Antibiotics?_sg=7vNfG8FFWZpXgAvqpSvsAKpismnFBLJBell6FxfVn0kCYTtoSVYzopkZf1hWzSvIjW5Mzs8oE5Eo4pw
348,publication/372164111_Blockade-of-Binding_Activities_toward_Envelope-Associated_Type-Specific_Epitopes_as_a_Correlative_Marker_for_Dengue_Virus-Neutralizing_Antibody?_sg=qF8K_KITMrEELbEIeTwN_npe0LrVkVVIMxNqrKmG5dsMENlVibtaXUWteEuT-diG7B9SPj--8eq2xzg
349,
350,publication/373707316_Global_impacts_of_COVID-19_on_lifestyles_and_health_and_preparation_preferences_An_international_survey_of_30_countries?_sg=PfhhILyXieIMRzdOtMoaTSVo3J8CBaaCE31E66wJq_jvIpBWEa4mA8jRSWVYRkfk4Lz6xxrBPutJnBk
351,publication/373215623_Azimuthal_Correlations_within_Exclusive_Dijets_with_Large_Momentum_Transfer_in_Photon-Lead_Collisions?_sg=QzP2DKdHOUVlxEAdS438LKHDfO21MJNJ-2P_7stX_1-wNNafOvYbqyXJ9TqXSVpvZ7FtiUKiE1tweEI
352,publication/372899167_Binary_Comprehensive_Learning_Particle_Swarm_Optimization_Approach_for_Optimal_Design_of_Nonlinear_Steel_Structures_with_Standard_Sizes?_sg=9ONeGEOMqVeVqCkUPq7RRmCxLYbtf7XMh9BAKJC1z20ntCtBMC0Phr0z8_L-fjj1rwWnwDTE3HziAaw
353,publication/369508207_Plant_Molecular_Farming-derived_Epidermal_Growth_Factor_Revolutionizes_Hydrogels_for_Improving_Glandular_Epithelial_Organoid_Biofabrication?_sg=CstehiwQyyY0MojUXao53rijzHGrr4Q__vOa_50miEl2Wy3aIp3WgJKqcEPW7z9M5ZVElFuZF6iFjBw
354,
355,
356,
357,publication/372655081_Sericin_coated_thin_polymeric_films_reduce_keratinocyte_proliferation_via_the_mTOR_pathway_and_epidermal_inflammation_through_IL17_signaling_in_psoriasis_rat_model?_sg=Ev7Q2Ae4_i5aDxf5GROTlJm74CJt-UoKkfsN_FKEdSPibA_sgnB0WAddTQUYY8L_EcHJ8R745ge-NfM
358,publication/372655071_Geographic_population_structure_of_the_honeybee_microsporidian_parasite_Vairimorpha_Nosema_ceranae_in_the_South_West_Indian_Ocean?_sg=V7Fa19A-TeujevXcj80wuU_PmdyCRJlXFS88Isw2B1uSMRewO9W14PRQx7LlFtyYSHwgjkzHpKxoux8
359,
360,publication/369709678_Risk_factors_of_intraoperative_blood_transfusion_in_pediatric_craniotomy_for_intracranial_tumor_resection_a_10-year_analysis?_sg=iByqbOeE9Fu_-fTE5beTWh7EVLWYfBoNXBWGrqudxAMnNrymeJEo172gQut7LEAnTREVFWwRvV8Rvfw
361,publication/370469914_PRB_inhibited_cell_proliferation_through_let-7b-E2F1_in_breast_cancer?_sg=VrJ33DPRd471qOAE29H9iWCSU2QOpj1pL0oViYzLKtkGDf-Qe39ncKZv-t1FgZfKWuuXz1PlTAEJxGU
362,publication/370380585_Corrigendum_to_Comparative_genomics_and_proposal_of_Streptomyces_radicis_sp_nov_an_endophytic_actinomycete_from_roots_of_plants_in_Thailand_Microbiol_Res_254_2022_126889?_sg=1EHhrjpXJdo3ADuL4TKbKCJQt54RAADmD7oGnBkv-QEYDtkselcOjmGGfOAUlQzrogrLcQKxDcabgLU
363,
364,publication/371209658_Corrigendum_to_Ball_mill-assisted_synthesis_of_NiFeCo-NC_as_bifunctional_oxygen_electrocatalysts_for_rechargeable_zinc-air_batteries_J_Alloy_Compd_922_2022_166287?_sg=RPHRf4ba911WtpTU59UTTkvcOAGf6aqclLoUjCK37oC33HAg12hIz-Bwi0YUXcAYbNfkbTc8EQZD7Qs
365,publication/371279623_Dissecting_specific_Wnt_components_governing_osteogenic_differentiation_potential_by_human_periodontal_ligament_stem_cells_through_interleukin-6?_sg=lYh8u6a7f1S_N7VRtoE0VAwykgDSOviLnL9DdD7KCpdWqYiAcPMedb15GQE5YxT9yGVSMSdm2oOuybk
366,publication/369769669_Salivary_gland_regeneration_from_salivary_gland_stem_cells_to_three-dimensional_bioprinting?_sg=Kq5535S5b1rNu8IHmixW6LfggvshzpgPIWi86qykYue5YbOBftlVkUN7f8wJGi4riWA705kWyuFsU84
367,publication/371206453_Structural_and_binding_studies_of_a_new_chitin-active_AA10_lytic_polysaccharide_monooxygenase_from_the_marine_bacterium_Vibrio_campbellii?_sg=_eLEElJNp7RWpSFxt4tmIFEG62hVgCZaO4nGWSWEpwUlFrLEBHcCTak0UNWqpVj3MGVRUPeM46ubaEQ
368,publication/369621538_Correction_to_Discrimination_of_Curcuma_species_from_Asia_using_intron_length_polymorphism_markers_in_genes_encoding_diketide-CoA_synthase_and_curcumin_synthase?_sg=A21eYVLaksZgHeIKyA19_a_rxoU_62wfkRZIa6Uh4iHXhxqAimXlbtfarh_3HwHj3rvtfknhdRGv5QU
369,publication/365992390_Correction_Quality_of_the_adaptation_procedures_and_psychometric_properties_of_the_scale_of_oral_health_outcomes_for_5-year-old_children_SOHO-5_a_systematic_review?_sg=bfir4r5NeUdwKiQEth7L_UZQQthVFmAg8fafA_uKfgLg3wn47q_p_h_DNaC_ijr3qcTSKpt2cihl2DA
370,publication/379109354_The_Rhizosphere_Microbial_Community_Structure_and_Plant-Microbe_Ecology?_sg=FJ3L9kIz7xzn15oNAxiOLlAbUp3olhqKJRHpG7RIlxRUyxJn4RrRjWFgZYDPy0mOCedqHrKHWndgO_M
371,publication/385094172_Preface_3rd_International_Humanitarian_Conference?_sg=ijSr9Bu5r3dXsaBZozZyhhxHNww0nbuOUv80zsMJQmGmGMVLbHbR5ygP42OZ4trLG2NQIH6dyM6nFmA
372,publication/368534218_A_candidate_locus_in_the_renalase_gene_and_susceptibility_to_blood_pressure_responses_to_the_dietary_salt?_sg=6k9DtrR96tFnZ0ld4jM91uiEAoPUcExH3aURVDU4Tfso0c0s9e2x3zhxpzcg8Rz312L3HrgeElg0JgQ
373,
374,publication/368568245_Corrigendum_toLusianthridin_targeting_of_lung_cancer_stem_cells_via_Src-STAT3_suppression_Volume_and_pages_of_the_publication_Volume_62_September_2019_152932?_sg=ziRLpP-HMJmcV63aJ5ss3iANJxKAYAxG_DZblO_5iXQT6SVhOGdDj1nAHdXD9lgojB5l2BGRLv_2LYk
375,publication/362985600_The_attitudes_and_expectation_of_caregivers_of_febrile_child_receiving_medical_services_a_multicenter_survey_in_Thailand?_sg=Mv0xVlNPC6plYhPjSSLl-iigNOzuUUDGjWvvwC_LnYDZ4cBdeUo2UntIQPg632WecMsS2tdr3GVHXg8
376,publication/366967120_Molnupiravir-associated_nail_and_hair_fluorescence_on_Wood%27s_lamp_examination?_sg=8ZPq1JVE5Un9C1iBppnCY7-DbhVXf38680rQfw6T7-J6HZ76J7LZ-oRFBYdPBGBqpvRwvuoxPyTf5fs
377,publication/366961686_Different_protective_capability_of_chlorogenic_acid_and_quercetin_against_indomethacin-induced_gastrointestinal_ulceration?_sg=Y65Pp2YF5eRp1n9u20Uy0e9uxF60jXjINsYgoYPhxZ4r_I7esoYXbmgLUAhSe7mmCRJyuWgNBVdhEKg
378,publication/368982951_Correction_Tailoring_the_MOF_structure_via_ligand_optimization_afforded_a_dandelion_flower_like_CoSCo-NxCoNiNiS_catalyst_to_enhance_the_ORROER_in_zinc-air_batteries?_sg=KRl8Flb6GkZ8EhfiWKssWiPHnWv655_Q-Gs2s_e_HmeyaidzjaEKGcP-KX8aAx8fmHciSIeSdJP7uLI
379,publication/368870624_Publisher_Correction_Observation_of_triple_Jps_meson_production_in_proton-proton_collisions?_sg=GmyFKisccWg51gXpNVza8YZMrhAoBHxWS8eFfEio124J-vKJGd5SrKG8as4VBjQu6Rj6enlAA5OAbTE
380,publication/369656747_Sudden_Cardiac_Arrest_in_a_Dental_Patient_Awaiting_Examination?_sg=ypoZIlHXA4mvKUoYa7B_Ww_xvl4avtGxI5Vc8TSon1YAH8nilOWd7ExsdN3iHNQOD1Ij9bHwwp9odnc
381,publication/361494482_Vowel_sound_production_and_its_association_with_cephalometric_characteristics_in_skeletal_Class_III_subjects?_sg=QlNGUt7oQuWEoaSBpu4HdUlGRk3otfUC7QIm4WWl6mG773AuCmK6n-NZoiQ7Eo4aeJWAzHnPaawl_fw
382,publication/325872301_Measurement_of_prompt_and_nonprompt_charmonium_suppression_in_text_PbPbPbPb_collisions_at_502text_Tetext_VTeV?_sg=GFMlcmadDrUEYkUyF3c6tDEz6yF3a9tahCihoBMBLEeKQ0vLDDWCa8xsLsSHQsT4raPWlzt3Gj8bKDw
383,publication/368453895_Correction_Calcium-doped_cesium_iodide_scintillator_for_gamma-ray_spectroscopy?_sg=eZpQxdaUnlQu78cAvbcuPJ25AZexvN185ECZoGRRYjANMyE9o0lCTziiUuka60hJQtaDFM9l3EdVnPo
384,
385,publication/367970651_Editorial_Methods_in_industrial_biotechnology_and_bioprocess_engineering-Microalgae_as_a_source_of_valuable_compounds?_sg=SEtO7tShAOS6BU2_XN_gsyrSuooRQ_vcg1PfzPNI-Yl-kqxmLbBTpQV0oPzG34BuqsgnYxt9Quou-IE
386,publication/364192763_Chemical_triggering_cyanobacterial_glycogen_accumulation_methyl_viologen_treatment_increased_Synechocystis_sp_PCC_6803_glycogen_storage_via_enhancing_levels_of_gene_transcript_and_substrates_in_glycog?_sg=JUgqTcqRYbs3F_--US1UV-uIppmewMGDUrMiWraKuf8ZfNyN4hoct03FqH7I5Hymn2IUZsF3a-qwihY
387,publication/366956314_Skin_testing_might_have_a_diagnostic_role_in_immune_complex-mediated_hypersensitivity_reactions?_sg=zdrY1m84VdJHdgcEEFzUipda_bXnPDl-qhMYR032dQyMsXzhheQJaPr1UeCC7GUalzJuytxnYSW7miY
388,publication/364755936_Corrigendum_to_Priorities_to_inform_research_on_marine_plastic_pollution_in_Southeast_Asia_Sci_Total_Environ_volume_841_2022_Article_156704?_sg=9dyX-dJik7-p487U0CJte6YSuiFwCFyopTbnVOhUaV8W26vZcPD2rN2BO-160Fhg7kmTGMs5dDbIN_A
389,publication/367020302_Author_Correction_Predicting_the_potential_for_zoonotic_transmission_and_host_associations_for_novel_viruses?_sg=qkz6nt9CxG0IHc7BGrJAAQ3yl5VgB0Bh-APE50xUKPOIGx2sa9xcHkWHZiQwxWEHDHqh7CmpN8yDXmE
390,publication/373104453_Exploring_the_Complex_Phenotypes_of_Impaired_Finger_Dexterity_in_Mild-to-moderate_Stage_Parkinson%27s_Disease_A_Time-Series_Analysis?_sg=nJOV35rxqOdMRmyUWBpBQR63qubidKxhDA-3qK9vkmL3Y8hI2_dku9SgDPjob5yTLt7IfSXlovoUtAc
391,publication/373231387_Editorial_Sleep_disorders_and_airway_diseases?_sg=qbqKDDCEESZ-sb1ZYEOuZSv0-LixlKPOfms-iUDmahyE3Mxq2mt6OBxsgBOVp3_8Zu4KgoUTKjhtXI8
392,
393,publication/361942749_Curcumin_reduces_blood-nerve_barrier_abnormalities_and_cytotoxicity_to_endothelial_cells_and_pericytes_induced_by_cisplatin?_sg=Lf1xzTTwNKVY9yGCVJGsRmjTZPKxvhy8uyX1xKQX8Vzy8lX9AUvuBMSljZ_8Lk7xuTxT3AtN1OHyhMA
394,
395,publication/373365171_Non-invasive_specimen_collections_for_Mycobacterium_tuberculosis_detection_in_free-ranging_long-tailed_macaques_Macaca_fascicularis?_sg=9yxcmdZ4i_SyW9jUEdl124tvADyOviB7srKduUi5LZ47uo--oKbq2x8VU_dzDoPyJL1_pva1qgystuU
396,publication/373234553_A_New_QoS_Optimization_in_IoT-Smart_Agriculture_Using_Rapid_Adaption_Based_Nature-Inspired_Approach?_sg=INCUo34ig1ZeK4ZqT45k-tTFyaFRCbxcRwHvtrtBUMj4CHbNOH6d1ajtBSyiEUC2gsJA_n8EQBxm2oE
397,publication/373123533_A_Novel_FDA-MIMO_Deceptive_Jamming_Method_For_Neutralizing_Phase_Array_Radar?_sg=iUA2abtIDlHoLDmuRAfymyu6tcJip3f8gD6u6dhyz_h73Vk5Ch5g2Y4Ksy1eY0JZ5kOFqJ-Kwo9xkeg
398,publication/371248301_Hemoperfusion_in_COVID-19?_sg=37pUCE2QY0zJB5EfKx7Oys0DiJ6SHAp1LbAwPuQXL204LG1RAloomEjIwZGDiP92TpRqoc8mpRxOC8s
399,publication/372615112_Editorial_Redox_control_of_plant_metabolism_and_biofuel_production?_sg=d9ZqLRTiUkr3Ye_lSTuxV9B5jFbzrfZoVURiEJFpVrcrVemKz2ozDH38MwBLGRqrS9z9zpiYpRgoAL0
400,
401,
402,publication/371923704_Corrigendum_Epidemiology_risk_factors_and_outcomes_of_prolonged_mechanical_ventilation_with_different_cut-points_in_a_PICU?_sg=d7YFmmmCkJPYo6xFMuzd2IZOHQVo2iLeGPY_v3bGiFkIoeoVHWBXCNPNxlmjDBgQCU1MvI6FsbsZ5Uk
403,publication/372162024_Correction_to_The_clinical_efficacy_of_the_allogenic_demineralized_dentin_matrix_graft_for_implant_placement_a_systematic_review?_sg=xQVISW_eFAuRV45fiJk2hSykiOci9gpPwMLVaPVBMU4AOSzceeHz7Y19t472oWkOp5tLwUVSvai0CMc
404,publication/371923637_COVID-19_infodemic_on_Facebook_a_social_network_analysis_in_Thai_context?_sg=17euYycQksZvVN6aPVEmytPG2Xm-OP6W8jwuTDUpR_lMKnfW01_GZcpaAu_vKs_NtrfuYgSlaDFsyJI
405,
406,publication/368442305_Editorial_Applications_of_photonic_sensors_in_smart_cities?_sg=vu3h95zFxvaBRoOaUkDevFVU19-FKa99AKu1NoZRnYbo0WQYy6bX6tIzMJhZRovTeGW_WwPUilt8uoU
407,publication/385509490_Guest_Editors%27_Foreword?_sg=pWnPqQS2OSkZAxkugEKSCCtw_3wR25Wamvdmih79DcILSxSC2cXY_ivmMjIOtShJ11XkC3O_wCjSTDM
408,
409,publication/369934057_RRWaveNet_A_Compact_End-to-End_Multi-Scale_Residual_CNN_for_Robust_PPG_Respiratory_Rate_Estimation?_sg=z4B0VDKSfXV1KF3V3UoSycE8x-6PT7QqBm6DtyeQdS5Sk4g917NS6rs_v7_T4E9fFs7ehmujhxJcuPE
410,
411,publication/368600366_Efficient_LiDAR-Trajectory_Affinity_Model_for_Autonomous_Vehicle_Orchestration?_sg=03jMKW6mMoLk8F_0kaOZOOcx-zqO-E_pl6_mEDdGW1VSHy85B0yP2m_ZuM2zxHNgEc6nUdXffaeejQQ
412,
413,publication/364371928_Hepatic_Leukaemia?_sg=UMkaAWRHpxURXYORbNkDZl3_kD-ASJT_zXcpBIrCdCupoAuF3-zsNh13rI-1x7OyKGmGDYRbC6mwa1U
414,publication/361256764_Microanatomy_of_the_central_myelin_portion_and_transitional_zone_of_the_oculomotor_and_abducens_nerves?_sg=8Da5zC-LFUVHv3rkYB3h2geKHEvXntyf9PgXiC00YBMsFRpgpDcneMAGtIzitYbH4JgJsKOD3_ZqI-o
